08-09-2022 09:56;888881913;/start
15-09-2022 11:41;888881913;/start
15-09-2022 11:44;552378061;/start
15-09-2022 11:44;552378061;/start
15-09-2022 11:44;552378061;/start
06-10-2022 10:06;888881913;/start
06-10-2022 10:27;888881913;/start
06-10-2022 10:30;888881913;/start
06-10-2022 10:31;888881913;/start
06-10-2022 10:35;888881913;/start
07-10-2022 15:00;888881913;/start
07-10-2022 15:13;888881913;/start;nesquik3
07-10-2022 15:13;888881913;/start
07-10-2022 15:18;888881913;/start;nesquik3
07-10-2022 15:20;888881913;/start
07-10-2022 15:23;888881913;/start
07-10-2022 15:25;888881913;/start
07-10-2022 15:26;888881913;/start
07-10-2022 15:27;888881913;/start
07-10-2022 15:36;888881913;/start
07-10-2022 15:39;888881913;/start
07-10-2022 15:46;888881913;/start
07-10-2022 15:46;888881913;/start
07-10-2022 15:56;888881913;/start
07-10-2022 16:09;888881913;/start
07-10-2022 16:10;888881913;/start
07-10-2022 16:10;888881913;/start
07-10-2022 16:10;888881913;/start
